"SampleID","Rep","Plate","CollDate","Latitude","Longitude","DIAG01","DIAG02","LOC01","LOC02","LOC03","LOC04","LOC05","LOC06","LOC07","LOC08","LOC09","LOC10","LOC11","LOC12","LOC13","LOC14","LOC15","LOC16","LOC17","LOC18","LOC19","LOC20","LOC21","LOC22","LOC23","LOC24","LOC25","LOC26","LOC27","LOC28","LOC29","LOC30","LOC31","LOC32","LOC33","LOC34","LOC35","LOC36","LOC37","LOC38","LOC39","LOC40","SexMarker","TrueIndividual","TrueSpecies"
"DEMO_023","a","P3","2025-09-02",55.68318,-132.62748,"00","CC","00","TT","TT","AG","AT","CG","CC","GG","CC","AC","CC","GG","TT","GG","CC","TT","AG","TT","GG","AG","AT","CT","TT","00","TT","GG","AA","CC","TT","AG","GG","CG","CC","TT","AA","AC","AG","GG","AA","CC","XY","TRUE_18","alpha"
"DEMO_023","b","P3","2025-09-02",55.68318,-132.62748,"CC","00","GT","TT","TT","AG","AT","CG","CC","GG","CC","AC","CC","GG","TT","GG","CC","TT","AG","TT","GG","AG","00","CT","TT","AG","TT","GG","AA","CC","TT","AG","GG","CG","CC","TT","AA","00","AG","GG","AA","CC","XY","TRUE_18","alpha"
"DEMO_023","c","P3","2025-09-02",55.68318,-132.62748,"CC","CC","GT","TT","TT","AG","AT","CG","CC","GG","CC","AC","CC","GG","TT","GG","CC","TT","AG","TT","GG","AG","AT","CT","TT","AG","TT","GG","AA","CC","TT","AG","GG","CG","CC","TT","AA","AC","AG","GG","AA","CC","XY","TRUE_18","alpha"
"DEMO_023","consensus","P3","2025-09-02",55.68318,-132.62748,"00","00","GT","TT","TT","AG","AT","CG","CC","GG","CC","AC","CC","GG","TT","GG","CC","TT","AG","TT","GG","AG","AT","CT","TT","AG","TT","GG","AA","CC","TT","AG","GG","CG","CC","TT","AA","AC","AG","GG","AA","CC","XY","TRUE_18","alpha"
"DEMO_055","a","P2","2025-08-26",55.48281,-132.69435,"TT","TT","GT","CT","TT","GG","AA","GG","CC","CG","AA","CC","AA","GG","GT","GG","AA","00","AG","00","GG","AA","TT","CT","CT","AA","GG","GT","AG","CC","00","GG","AG","CG","TT","GT","00","CC","AG","GG","AA","CC","XX","TRUE_28","beta"
"DEMO_055","b","P2","2025-08-26",55.48281,-132.69435,"TT","TT","GT","CT","TT","GG","AA","GG","CC","CG","AA","CC","AA","GG","GT","GG","AA","AT","AG","CT","GG","AA","TT","CT","CT","AA","GG","TT","AG","CC","TT","GG","AG","CG","TT","GT","AA","CC","AG","GG","AA","CC","XX","TRUE_28","beta"
"DEMO_055","c","P2","2025-08-26",55.48281,-132.69435,"TT","TT","GT","CT","TT","GG","AA","GG","CC","CG","AA","CC","AA","GG","GT","GG","AA","AT","AG","CT","GG","AA","TT","CT","CT","AA","00","GT","AG","00","TT","GG","AG","CG","TT","GT","AA","CC","AG","GG","AA","CC","XX","TRUE_28","beta"
"DEMO_055","consensus","P2","2025-08-26",55.48281,-132.69435,"TT","TT","GT","CT","TT","GG","AA","GG","CC","CG","AA","CC","AA","GG","GT","GG","AA","AT","AG","CT","GG","AA","TT","CT","CT","AA","00","GT","AG","00","00","GG","AG","CG","TT","GT","00","CC","AG","GG","AA","CC","XX","TRUE_28","beta"
"DEMO_044","a","P3","2025-09-15",55.56432,-133.15002,"CC","CC","GT","CT","TT","AG","AT","00","CG","GG","AA","AC","AC","GG","GT","GT","AC","TT","AA","CC","AG","AG","TT","CT","CC","GG","GG","GT","AA","AC","TT","AG","GG","GG","CT","TT","AT","AC","GG","GG","AT","00","XX","TRUE_22","alpha"
"DEMO_044","b","P3","2025-09-15",55.56432,-133.15002,"CC","CC","GT","CT","TT","AG","AT","CG","CG","GG","AA","AC","AC","GG","GT","GT","AC","TT","AA","CC","AG","AG","TT","CT","CC","00","GG","GT","AA","AC","00","AG","GG","GG","CT","TT","AT","AC","GG","GG","AT","CC","XX","TRUE_22","alpha"
"DEMO_044","c","P3","2025-09-15",55.56432,-133.15002,"CC","CC","GT","CT","TT","AG","AT","CG","CG","GG","AA","AC","AC","GG","GT","GT","AC","TT","AA","CC","AG","AG","TT","CT","CC","GG","GG","GT","AA","AC","TT","AG","GG","00","TT","TT","AT","AC","GG","GG","AT","CC","XX","TRUE_22","alpha"
"DEMO_044","consensus","P3","2025-09-15",55.56432,-133.15002,"CC","CC","GT","CT","TT","AG","AT","CG","CG","GG","AA","AC","AC","GG","GT","GT","AC","TT","AA","CC","AG","AG","TT","CT","CC","00","GG","GT","AA","AC","00","AG","GG","00","CT","TT","AT","AC","GG","GG","AT","00","XX","TRUE_22","alpha"
"DEMO_050","a","P3","2025-08-20",55.63334,-132.73787,"TT","TT","GT","00","TT","GG","AT","GG","CC","CC","CC","AC","AC","GG","TT","GG","AA","TT","AG","CT","GG","AA","TT","CT","TT","AG","GG","GG","00","CC","CT","00","AG","CC","CC","GT","AT","00","AA","AG","AA","CC","XX","TRUE_26","beta"
"DEMO_050","b","P3","2025-08-20",55.63334,-132.73787,"TT","TT","GT","TT","TT","GG","AT","GG","CC","CC","AC","AC","AC","GG","TT","GG","AA","TT","AG","CT","GG","AA","TT","CT","TT","AG","GG","00","AG","CC","CT","GG","AG","CC","CC","GT","AT","CC","AA","AG","AA","CC","XX","TRUE_26","beta"
"DEMO_050","c","P3","2025-08-20",55.63334,-132.73787,"TT","TT","GT","TT","TT","GG","AT","GG","CC","CC","AC","AC","AC","GG","TT","GG","AA","TT","AG","CT","GG","AA","TT","CT","TT","AG","GG","GG","AG","CC","CT","GG","AG","CC","CT","GT","AT","CC","AA","AG","AA","CC","XX","TRUE_26","beta"
"DEMO_050","consensus","P3","2025-08-20",55.63334,-132.73787,"TT","TT","GT","00","TT","GG","AT","GG","CC","CC","AC","AC","AC","GG","TT","GG","AA","TT","AG","CT","GG","AA","TT","CT","TT","AG","GG","00","AG","CC","CT","00","AG","CC","00","GT","AT","00","AA","AG","AA","CC","XX","TRUE_26","beta"
"DEMO_024","a","P1","2025-10-26",55.48891,-132.6575,"CC","CC","TT","TT","TT","AG","AT","CG","GG","CG","AC","CC","AC","AG","GG","TT","AC","AT","AA","TT","GG","AA","AA","TT","CT","GG","00","GG","AG","AC","CT","GG","AG","CG","TT","GT","AT","AA","AG","GG","AT","AA","XX","TRUE_19","alpha"
"DEMO_024","b","P1","2025-10-26",55.48891,-132.6575,"CC","CC","00","TT","00","AG","AT","CG","GG","CG","AC","CC","AC","AG","GG","TT","AC","AT","AA","TT","GG","AA","AA","TT","CT","GG","GG","GG","AG","AC","00","GG","AG","CG","TT","GT","AT","AA","AG","GG","AT","AA","XX","TRUE_19","alpha"
"DEMO_024","c","P1","2025-10-26",55.48891,-132.6575,"CC","CC","TT","TT","TT","AG","AT","CG","GG","CG","AC","CC","AC","AG","GG","TT","AC","AT","AA","TT","GG","AA","AA","TT","CT","GG","GG","GG","00","AC","CT","GG","AG","CG","TT","GT","AT","AA","00","GG","AT","AA","XX","TRUE_19","alpha"
"DEMO_024","consensus","P1","2025-10-26",55.48891,-132.6575,"CC","CC","00","TT","00","AG","AT","CG","GG","CG","AC","CC","AC","AG","GG","TT","AC","AT","AA","TT","GG","AA","AA","TT","CT","GG","00","GG","AG","AC","CT","GG","AG","CG","TT","GT","AT","AA","AG","GG","AT","AA","XX","TRUE_19","alpha"
"DEMO_012","a","P1","2024-09-19",55.60072,-132.81789,"CC","CC","GT","TT","AT","AG","AA","CG","GG","00","AA","AC","AA","AG","00","TT","AC","TT","AG","TT","GG","GG","AT","TT","CT","AG","GG","GG","AA","AA","CT","GG","AG","CG","TT","GT","AA","AA","00","AG","AT","AC","XY","TRUE_12","alpha"
"DEMO_012","b","P1","2024-09-19",55.60072,-132.81789,"CC","CC","GT","TT","AT","AG","AA","CG","GG","GG","AA","AC","00","AG","TT","TT","AC","TT","AG","TT","GG","GG","AT","TT","CT","AG","GG","GG","AA","AA","CT","GG","AG","CG","TT","GT","AA","AA","AG","AG","AT","AC","XY","TRUE_12","alpha"
"DEMO_012","c","P1","2024-09-19",55.60072,-132.81789,"CC","CC","GT","TT","AT","AG","AA","CG","GG","00","AA","AC","AA","AG","TT","TT","AC","TT","AG","TT","GG","GG","AT","TT","CT","AG","GG","GG","AA","AA","CT","GG","AG","CG","TT","GT","AA","AA","AG","AG","AT","AC","XY","TRUE_12","alpha"
"DEMO_012","consensus","P1","2024-09-19",55.60072,-132.81789,"CC","CC","GT","TT","AT","AG","AA","CG","GG","00","AA","AC","00","AG","00","TT","AC","TT","AG","TT","GG","GG","AT","TT","CT","AG","GG","GG","AA","AA","CT","GG","AG","CG","TT","GT","AA","AA","AG","AG","AT","AC","XY","TRUE_12","alpha"
"DEMO_014","a","P3","2025-06-09",55.71426,-133.14046,"CC","CC","TT","TT","TT","AG","AT","CC","GG","CG","AA","AC","CC","AG","GT","TT","AA","TT","AA","CC","AA","GG","AT","CT","CT","AA","GT","GT","AG","AA","TT","GG","AG","CG","CC","GT","AT","AC","AG","AG","AT","AC","XX","TRUE_14","alpha"
"DEMO_014","b","P3","2025-06-09",55.71426,-133.14046,"CC","CC","TT","TT","TT","AG","00","CC","GG","CG","AA","00","CC","AG","TT","00","AA","TT","AA","CC","AA","GG","AT","CT","CT","AA","GT","GT","AG","AA","TT","GG","AG","CG","CC","GT","AT","AC","AG","AG","AT","AC","XX","TRUE_14","alpha"
"DEMO_014","c","P3","2025-06-09",55.71426,-133.14046,"CC","CC","TT","TT","TT","AG","AT","CC","GG","CG","AA","AC","CC","AG","GT","TT","AA","TT","AA","CC","AA","00","AT","CT","CT","AA","GT","GT","AG","AA","TT","GG","AG","CG","CC","GT","AT","AC","AG","AG","AT","AC","XX","TRUE_14","alpha"
"DEMO_014","consensus","P3","2025-06-09",55.71426,-133.14046,"CC","CC","TT","TT","TT","AG","AT","CC","GG","CG","AA","AC","CC","AG","GT","00","AA","TT","AA","CC","AA","00","AT","CT","CT","AA","GT","GT","AG","AA","TT","GG","AG","CG","CC","GT","AT","AC","AG","AG","AT","AC","XX","TRUE_14","alpha"
"DEMO_037","a","P2","2024-07-27",55.56945,-133.12818,"CC","CC","GT","CT","TT","AG","AT","CG","00","GG","AA","AC","AC","GG","GG","GT","AC","TT","AA","CC","AG","AG","TT","CT","CC","GG","GG","GT","AA","AC","TT","AG","GG","GG","CT","TT","AT","AC","GG","GG","AT","CC","XX","TRUE_22","alpha"
"DEMO_037","b","P2","2024-07-27",55.56945,-133.12818,"CC","CC","GT","CT","TT","AG","AT","CG","CG","GG","AA","AC","AC","AG","GT","GT","AC","TT","AA","CC","GG","AG","TT","CT","CC","GG","GG","GT","AA","AC","TT","AG","GG","GG","CT","TT","AT","AC","GG","GG","AT","CC","XX","TRUE_22","alpha"
"DEMO_037","c","P2","2024-07-27",55.56945,-133.12818,"CC","CC","GT","TT","TT","AG","AT","CG","CG","GG","AA","AC","AC","GG","GG","GT","AC","TT","AA","CC","AG","AG","TT","CT","CC","GG","GG","GT","AA","AA","TT","AG","GG","00","CT","TT","AT","AC","GG","GG","AT","CC","XX","TRUE_22","alpha"
"DEMO_037","consensus","P2","2024-07-27",55.56945,-133.12818,"CC","CC","GT","CT","TT","AG","AT","CG","CG","GG","AA","AC","AC","00","00","GT","AC","TT","AA","CC","AG","AG","TT","CT","CC","GG","GG","GT","AA","AC","TT","AG","GG","00","CT","TT","AT","AC","GG","GG","AT","CC","XX","TRUE_22","alpha"
"DEMO_034","a","P2","2024-08-22",55.47766,-133.13231,"CC","CC","TT","TT","AA","AG","TT","GG","CG","GG","00","AC","CC","AG","TT","GT","AC","TT","00","TT","AG","GG","TT","TT","TT","AG","GT","GT","AG","CC","CC","AA","AG","CG","TT","TT","00","AA","GG","AG","AA","AC","XY","TRUE_21","alpha"
"DEMO_034","b","P2","2024-08-22",55.47766,-133.13231,"CC","CC","TT","TT","AA","AG","00","GG","CG","GG","AA","AC","CC","AG","00","GT","AC","TT","AG","TT","AG","GG","TT","TT","TT","AG","GT","GT","AG","00","CC","AA","AG","CG","TT","TT","TT","AA","00","AG","AA","AC","XY","TRUE_21","alpha"
"DEMO_034","c","P2","2024-08-22",55.47766,-133.13231,"CC","CC","TT","TT","AA","AG","TT","GG","CG","GG","AA","AC","CC","AG","TT","GT","AC","TT","AG","TT","00","GG","TT","TT","TT","AG","GT","GT","AG","CC","CC","AA","AG","CG","TT","TT","TT","AA","GG","AG","AA","AC","XY","TRUE_21","alpha"
"DEMO_034","consensus","P2","2024-08-22",55.47766,-133.13231,"CC","CC","TT","TT","AA","AG","00","GG","CG","GG","00","AC","CC","AG","00","GT","AC","TT","AG","TT","AG","GG","TT","TT","TT","AG","GT","GT","AG","00","CC","AA","AG","CG","TT","TT","00","AA","00","AG","AA","AC","XY","TRUE_21","alpha"
"DEMO_054","a","P1","2024-06-28",55.51924,-133.04319,"TT","TT","GG","CT","TT","GG","AA","GG","CG","CG","AC","CC","CC","GG","TT","GT","AA","TT","00","CT","GG","AG","TT","CT","CT","AG","GG","GG","AG","CC","CT","00","AG","CG","TT","GT","AT","AC","AA","AG","AA","CC","XY","TRUE_27","beta"
"DEMO_054","b","P1","2024-06-28",55.51924,-133.04319,"TT","TT","GG","CT","TT","GG","AA","GG","GG","CG","AC","CC","CC","GG","TT","GT","AA","TT","GG","CT","GG","AG","TT","CT","CT","AG","GG","GG","AG","CC","CT","GG","AG","CG","CT","GT","AT","AC","AA","AG","AA","CC","XY","TRUE_27","beta"
"DEMO_054","c","P1","2024-06-28",55.51924,-133.04319,"TT","TT","GG","CT","TT","GG","AA","GG","CG","CG","AC","CC","CC","GG","TT","GT","AA","TT","GG","CT","GG","AG","TT","CT","CT","AG","GG","GG","AG","CC","CT","GG","AG","CG","CT","GT","AT","AC","AA","AG","AA","CC","XY","TRUE_27","beta"
"DEMO_054","consensus","P1","2024-06-28",55.51924,-133.04319,"TT","TT","GG","CT","TT","GG","AA","GG","CG","CG","AC","CC","CC","GG","TT","GT","AA","TT","00","CT","GG","AG","TT","CT","CT","AG","GG","GG","AG","CC","CT","00","AG","CG","CT","GT","AT","AC","AA","AG","AA","CC","XY","TRUE_27","beta"
"DEMO_030","a","P1","2025-07-01",55.59737,-133.04531,"CC","CC","GT","TT","AT","AG","TT","CG","CG","CC","AC","CC","CC","AG","GG","TT","AC","AT","GG","CC","GG","AG","AT","TT","TT","AG","TT","GT","AG","CC","TT","AA","AG","GG","CT","GT","AA","AA","00","GG","AT","AC","XX","TRUE_20","alpha"
"DEMO_030","b","P1","2025-07-01",55.59737,-133.04531,"CC","CC","GT","TT","AT","AG","TT","CG","CG","CC","AC","CC","CC","AG","GG","TT","AC","AT","GG","CC","GG","AG","AT","TT","TT","AG","TT","GG","AG","CC","TT","AA","AG","GG","CT","GT","AA","AA","GG","GG","AT","AC","XX","TRUE_20","alpha"
"DEMO_030","c","P1","2025-07-01",55.59737,-133.04531,"CC","CC","GT","00","AT","AG","TT","CG","CG","CC","AC","CC","CC","AG","GG","TT","AC","AT","GG","CC","GG","AG","AT","TT","TT","AG","TT","GG","AG","CC","TT","AA","AG","GG","CT","GT","AA","AA","GG","GG","AT","AC","XX","TRUE_20","alpha"
"DEMO_030","consensus","P1","2025-07-01",55.59737,-133.04531,"CC","CC","GT","00","AT","AG","TT","CG","CG","CC","AC","CC","CC","AG","GG","TT","AC","AT","GG","CC","GG","AG","AT","TT","TT","AG","TT","00","AG","CC","TT","AA","AG","GG","CT","GT","AA","AA","00","GG","AT","AC","XX","TRUE_20","alpha"
"DEMO_010","a","P2","2024-08-26",55.71187,-132.64409,"CC","CC","GT","CT","TT","GG","AT","CG","CG","00","AA","AC","CC","AA","GG","GT","CC","TT","AA","CC","AA","00","AT","CC","TT","AG","00","GT","AG","CC","TT","AG","AA","GG","TT","GT","AT","AC","AG","AG","AT","AC","XX","TRUE_10","alpha"
"DEMO_010","b","P2","2024-08-26",55.71187,-132.64409,"CC","CC","GT","CT","TT","GG","AT","CG","CG","GG","AA","AC","CC","AA","GG","GT","CC","TT","AA","CC","AA","AG","AT","CC","TT","AG","GG","GT","AG","CC","TT","AG","AA","GG","TT","GT","AT","00","AG","AG","AT","AC","00","TRUE_10","alpha"
"DEMO_010","c","P2","2024-08-26",55.71187,-132.64409,"CC","CC","GT","CT","TT","GG","AT","00","CG","GG","AA","AC","CC","AA","GG","GT","CC","TT","AA","CC","AA","AG","AT","CC","TT","AG","GG","GT","AG","CC","TT","AG","AA","00","TT","GT","AT","AC","AG","AG","AT","AC","XX","TRUE_10","alpha"
"DEMO_010","consensus","P2","2024-08-26",55.71187,-132.64409,"CC","CC","GT","CT","TT","GG","AT","CG","CG","00","AA","AC","CC","AA","GG","GT","CC","TT","AA","CC","AA","AG","AT","CC","TT","AG","00","GT","AG","CC","TT","AG","AA","00","TT","GT","AT","AC","AG","AG","AT","AC","XX","TRUE_10","alpha"
"DEMO_007","a","P2","2024-10-15",55.64772,-133.00722,"CC","CC","GT","TT","AA","GG","AA","CG","CC","CG","AC","00","CC","AA","GT","GT","AC","AA","AG","CC","GG","AG","TT","TT","CT","AG","GT","TT","AG","AC","CT","GG","AA","CG","TT","GT","TT","AC","AG","GG","AA","AA","XX","TRUE_07","alpha"
"DEMO_007","b","P2","2024-10-15",55.64772,-133.00722,"CC","CC","GT","TT","AA","GG","AA","CG","CC","CG","AC","AC","CC","AA","GT","GT","00","AA","AG","CC","GG","AG","00","TT","CT","AG","GT","TT","AG","AC","CT","GG","AA","CG","TT","GT","TT","AC","AG","GG","AA","AA","XX","TRUE_07","alpha"
"DEMO_007","c","P2","2024-10-15",55.64772,-133.00722,"CC","CC","GT","TT","AA","GG","AA","CG","CC","CG","AC","AC","CC","AA","GT","00","AC","AA","AG","CC","GG","AG","TT","TT","CT","AG","GT","TT","AG","AC","CT","GG","AA","CG","TT","GT","TT","AC","AG","GG","AA","AA","XX","TRUE_07","alpha"
"DEMO_007","consensus","P2","2024-10-15",55.64772,-133.00722,"CC","CC","GT","TT","AA","GG","AA","CG","CC","CG","AC","AC","CC","AA","GT","GT","AC","AA","AG","CC","GG","AG","00","TT","CT","AG","GT","TT","AG","AC","CT","GG","AA","CG","TT","GT","TT","AC","AG","GG","AA","AA","XX","TRUE_07","alpha"
"DEMO_025","a","P2","2024-09-23",55.46042,-132.65611,"CC","CC","TT","TT","TT","AG","AT","CG","GG","CG","AC","CC","AC","AG","GG","TT","AC","AT","AA","TT","GG","AA","AA","TT","CT","GG","GG","GG","AG","CC","CT","GG","AG","CG","TT","GT","AT","AA","AG","GG","AT","AA","XX","TRUE_19","alpha"
"DEMO_025","b","P2","2024-09-23",55.46042,-132.65611,"00","CC","TT","TT","TT","AG","AT","CG","GG","CG","AC","CC","AA","AG","GG","TT","AC","AT","AA","TT","GG","AA","AA","TT","CT","GG","GG","GG","AG","AC","CT","GG","AG","CG","TT","GT","AT","AA","AG","GG","AT","AA","XX","TRUE_19","alpha"
"DEMO_025","c","P2","2024-09-23",55.46042,-132.65611,"CC","CC","TT","TT","TT","AG","AT","CG","GG","CG","AC","CC","AC","AG","GG","TT","AC","AT","AA","TT","GG","AA","AA","TT","CT","GG","GG","GG","AG","AC","CT","GG","AG","CG","TT","GT","AT","AA","AG","GG","AT","AA","XX","TRUE_19","alpha"
"DEMO_025","consensus","P2","2024-09-23",55.46042,-132.65611,"00","CC","TT","TT","TT","AG","AT","CG","GG","CG","AC","CC","AC","AG","GG","TT","AC","AT","AA","TT","GG","AA","AA","TT","CT","GG","GG","GG","AG","AC","CT","GG","AG","CG","TT","GT","AT","AA","AG","GG","AT","AA","XX","TRUE_19","alpha"
"DEMO_040","a","P2","2025-08-28",55.54555,-133.14118,"CC","CC","GT","CT","TT","AG","AT","CG","CG","00","AA","AC","AC","GG","GT","GT","AC","TT","AA","CC","GG","AG","TT","CT","CC","GG","GG","GT","AA","AC","TT","AG","GG","GG","CT","TT","AT","AC","GG","GG","AT","CC","XX","TRUE_22","alpha"
"DEMO_040","b","P2","2025-08-28",55.54555,-133.14118,"CC","CC","GT","00","TT","AG","AT","CG","CG","GG","AA","AC","AC","GG","GT","GT","AC","TT","AA","CC","AG","AG","TT","CT","CC","GG","GG","GT","AA","AC","TT","AG","GG","00","CT","TT","AT","AC","GG","GG","AT","CC","XX","TRUE_22","alpha"
"DEMO_040","c","P2","2025-08-28",55.54555,-133.14118,"CC","CC","GT","CT","TT","AG","AT","CG","CG","GG","AA","AC","AC","GG","GT","GT","AC","TT","AA","CC","AG","AG","TT","CT","CC","GG","GG","GT","AA","AC","TT","AG","GG","GG","CT","TT","AT","AC","GG","GG","AT","CC","XX","TRUE_22","alpha"
"DEMO_040","consensus","P2","2025-08-28",55.54555,-133.14118,"CC","CC","GT","CT","TT","AG","AT","CG","CG","00","AA","AC","AC","GG","GT","GT","AC","TT","AA","CC","AG","AG","TT","CT","CC","GG","GG","GT","AA","AC","TT","AG","GG","00","CT","TT","AT","AC","GG","GG","AT","CC","XX","TRUE_22","alpha"
"DEMO_006","a","P1","2025-10-21",55.76039,-132.97536,"CC","CC","GT","TT","TT","GG","AT","GG","CC","CC","AC","00","CC","GG","TT","TT","CC","AA","AA","CC","GG","AG","TT","CT","CT","AA","GT","GT","AA","CC","CT","AG","GG","GG","CT","GT","AT","AC","GG","GG","AT","AC","XY","TRUE_06","alpha"
"DEMO_006","b","P1","2025-10-21",55.76039,-132.97536,"CC","CC","GT","TT","TT","00","AT","GG","CC","CC","AC","AC","CC","GG","TT","TT","CC","AA","AA","CC","GG","AG","TT","CT","CT","AA","GT","GT","AA","CC","CT","AG","GG","GG","CT","GT","AT","AC","GG","GG","AT","AC","XY","TRUE_06","alpha"
"DEMO_006","c","P1","2025-10-21",55.76039,-132.97536,"CC","CC","GT","TT","TT","GG","AT","GG","CC","CC","AC","AC","CC","GG","TT","TT","CC","AA","AA","CC","GG","AG","TT","CT","CT","AA","GT","GT","AA","CC","CT","AG","GG","GG","CT","GT","AT","AC","GG","GG","AT","AC","XY","TRUE_06","alpha"
"DEMO_006","consensus","P1","2025-10-21",55.76039,-132.97536,"CC","CC","GT","TT","TT","00","AT","GG","CC","CC","AC","AC","CC","GG","TT","TT","CC","AA","AA","CC","GG","AG","TT","CT","CT","AA","GT","GT","AA","CC","CT","AG","GG","GG","CT","GT","AT","AC","GG","GG","AT","AC","XY","TRUE_06","alpha"
"DEMO_033","a","P1","2024-08-12",55.47834,-133.12601,"CC","CC","TT","TT","AA","AG","TT","GG","CG","GG","AA","AC","CC","AG","TT","GT","AC","TT","AG","TT","AG","GG","TT","TT","TT","AG","GT","GT","AG","CC","CC","AA","AG","CG","TT","TT","TT","AA","GG","AG","AA","AC","XY","TRUE_21","alpha"
"DEMO_033","b","P1","2024-08-12",55.47834,-133.12601,"CC","CC","TT","TT","AA","AG","TT","GG","CG","GG","AA","AC","CC","AG","TT","GT","AC","TT","AG","TT","AG","GG","TT","TT","TT","AG","GT","GT","AG","CC","CC","AA","AG","CG","TT","TT","TT","AA","GG","AG","AA","AC","XY","TRUE_21","alpha"
"DEMO_033","c","P1","2024-08-12",55.47834,-133.12601,"CC","CC","TT","TT","AA","AG","TT","GG","CG","GG","AA","AC","CC","AG","TT","GT","AC","TT","AG","TT","AG","GG","TT","TT","TT","AG","GT","GT","AG","CC","CC","AA","00","CG","TT","TT","TT","AA","GG","AG","AA","AC","XY","TRUE_21","alpha"
"DEMO_033","consensus","P1","2024-08-12",55.47834,-133.12601,"CC","CC","TT","TT","AA","AG","TT","GG","CG","GG","AA","AC","CC","AG","TT","GT","AC","TT","AG","TT","AG","GG","TT","TT","TT","AG","GT","GT","AG","CC","CC","AA","AG","CG","TT","TT","TT","AA","GG","AG","AA","AC","XY","TRUE_21","alpha"
"DEMO_008","a","P3","2025-09-11",55.6874,-132.76648,"CC","CC","TT","TT","AT","AG","AT","CG","CC","CG","AC","AA","AC","AG","GT","GT","AA","AA","AA","CC","AG","GG","TT","CC","TT","GG","GT","GT","AA","AC","CT","AA","AG","GG","CT","GT","AT","AC","AG","GG","AA","AC","XX","TRUE_08","alpha"
"DEMO_008","b","P3","2025-09-11",55.6874,-132.76648,"CC","CC","TT","TT","TT","AG","AT","CG","CC","CG","AC","AA","AC","AG","GT","GT","00","AA","AA","CC","AG","GG","TT","CC","TT","GG","GT","GT","AA","AC","CT","AA","AG","GG","CT","GT","AT","AC","AG","GG","AA","AC","XX","TRUE_08","alpha"
"DEMO_008","c","P3","2025-09-11",55.6874,-132.76648,"CC","CC","TT","00","AT","AG","AT","CG","CC","CG","AC","AA","AC","AG","GT","GT","AA","00","AA","CC","AG","GG","TT","CC","TT","GG","GT","GT","AA","AC","CT","AA","AG","GG","CT","GT","AT","AC","AG","GG","AA","AC","XX","TRUE_08","alpha"
"DEMO_008","consensus","P3","2025-09-11",55.6874,-132.76648,"CC","CC","TT","00","AT","AG","AT","CG","CC","CG","AC","AA","AC","AG","GT","GT","00","00","AA","CC","AG","GG","TT","CC","TT","GG","GT","GT","AA","AC","CT","AA","AG","GG","CT","GT","AT","AC","AG","GG","AA","AC","XX","TRUE_08","alpha"
"DEMO_051","a","P1","2025-07-18",55.64525,-132.74181,"TT","TT","GT","TT","TT","GG","AT","GG","CC","CC","AC","AC","AC","00","TT","GG","AA","TT","AG","CT","GG","AA","TT","CT","TT","AG","GG","GG","AG","CC","CT","GG","00","CC","CC","00","AT","CC","AA","AG","AA","CC","XX","TRUE_26","beta"
"DEMO_051","b","P1","2025-07-18",55.64525,-132.74181,"TT","TT","GT","TT","TT","GG","AT","GG","CC","CC","CC","AC","AC","GG","TT","GG","AA","TT","AG","CT","GG","AA","TT","CT","TT","AG","GG","GG","AG","CC","CT","GG","AG","CC","CC","GT","AT","CC","AA","AG","AA","CC","XX","TRUE_26","beta"
"DEMO_051","c","P1","2025-07-18",55.64525,-132.74181,"TT","TT","GT","TT","TT","GG","AT","GG","CC","CC","AC","AC","AC","GG","TT","GG","AA","TT","AG","TT","GG","AA","TT","CT","TT","AG","GG","GG","AG","CC","CT","GG","AG","CC","CC","GT","AT","CC","AA","AG","AA","CC","XX","TRUE_26","beta"
"DEMO_051","consensus","P1","2025-07-18",55.64525,-132.74181,"TT","TT","GT","TT","TT","GG","AT","GG","CC","CC","AC","AC","AC","00","TT","GG","AA","TT","AG","CT","GG","AA","TT","CT","TT","AG","GG","GG","AG","CC","CT","GG","AG","CC","CC","GT","AT","CC","AA","AG","AA","CC","XX","TRUE_26","beta"
"DEMO_022","a","P2","2025-06-02",55.70934,-132.68834,"CC","CC","GT","TT","TT","AG","AT","CG","CC","GG","CC","AC","CC","GG","TT","GG","CC","TT","AG","TT","GG","AG","AT","00","TT","AG","TT","GG","AA","CC","TT","AG","GG","CG","CC","TT","AA","AC","AG","GG","AA","CC","00","TRUE_18","alpha"
"DEMO_022","b","P2","2025-06-02",55.70934,-132.68834,"CC","CC","GT","TT","TT","AG","AA","CG","CC","GG","CC","AC","CC","GG","TT","GG","CC","TT","AG","TT","GG","AG","AT","CT","TT","AG","TT","GG","AA","CC","TT","AA","GG","CG","CC","TT","AA","AC","AG","GG","AA","CC","XY","TRUE_18","alpha"
"DEMO_022","c","P2","2025-06-02",55.70934,-132.68834,"CC","CC","GT","TT","TT","AG","AT","CG","CC","GG","CC","AC","CC","GG","TT","GG","CC","TT","AG","TT","GG","AG","AT","CT","TT","AG","TT","GG","AA","CC","TT","AG","GG","CG","CC","TT","AA","AC","AG","GG","AA","CC","XY","TRUE_18","alpha"
"DEMO_022","consensus","P2","2025-06-02",55.70934,-132.68834,"CC","CC","GT","TT","TT","AG","AT","CG","CC","GG","CC","AC","CC","GG","TT","GG","CC","TT","AG","TT","GG","AG","AT","CT","TT","AG","TT","GG","AA","CC","TT","AG","GG","CG","CC","TT","AA","AC","AG","GG","AA","CC","XY","TRUE_18","alpha"
"DEMO_045","a","P1","2024-09-03",55.5654,-133.19624,"CC","CC","GT","CT","TT","AG","AT","CG","CG","GG","AA","AC","AC","GG","GT","GT","AC","TT","AA","CC","AG","AG","TT","CT","CC","GG","GG","GT","AA","AC","TT","AG","GG","GG","CT","TT","AT","AC","GG","GG","AT","CC","XX","TRUE_22","alpha"
"DEMO_045","b","P1","2024-09-03",55.5654,-133.19624,"CC","CC","GT","CT","TT","AG","AT","CG","CG","00","AA","AC","AC","GG","GT","GT","AC","TT","AA","CC","AG","AG","TT","CT","CC","GG","GG","GT","AA","AC","TT","AG","GG","GG","CT","00","AT","AC","GG","GG","AT","CC","XX","TRUE_22","alpha"
"DEMO_045","c","P1","2024-09-03",55.5654,-133.19624,"CC","CC","GT","CT","TT","AG","AT","CG","CG","GG","AA","AC","AC","GG","GT","GT","AC","TT","AA","CC","AG","AG","00","CT","CC","GG","00","GT","AA","AC","TT","AG","GG","GG","00","TT","AT","AC","GG","GG","00","CC","XX","TRUE_22","alpha"
"DEMO_045","consensus","P1","2024-09-03",55.5654,-133.19624,"CC","CC","GT","CT","TT","AG","AT","CG","CG","00","AA","AC","AC","GG","GT","GT","AC","TT","AA","CC","AG","AG","00","CT","CC","GG","00","GT","AA","AC","TT","AG","GG","GG","CT","00","AT","AC","GG","GG","AT","CC","XX","TRUE_22","alpha"
"DEMO_028","a","P2","2025-06-19",55.60457,-133.05228,"00","CC","00","TT","AT","AG","TT","CG","CG","CC","AC","CC","CC","00","GG","TT","00","AT","GG","CC","GG","AG","AT","00","TT","AG","TT","GG","AG","CC","00","AA","00","GG","CT","GT","AA","AA","GG","GG","AT","AC","00","TRUE_20","alpha"
"DEMO_028","b","P2","2025-06-19",55.60457,-133.05228,"00","00","00","TT","00","AG","TT","CG","CG","CC","AC","CC","CC","00","GG","00","AC","AT","GG","00","GG","AG","00","TT","TT","00","TT","00","00","CC","00","00","AG","00","CT","GT","AA","00","00","GG","AT","AC","00","TRUE_20","alpha"
"DEMO_028","c","P2","2025-06-19",55.60457,-133.05228,"CC","CC","00","00","AT","AG","00","CG","CG","00","00","CC","CC","AG","GG","00","00","AT","00","CC","GG","AG","AT","TT","00","AG","TT","GG","AG","CC","00","00","AG","00","CT","GT","00","AA","GG","00","AT","00","00","TRUE_20","alpha"
"DEMO_028","consensus","P2","2025-06-19",55.60457,-133.05228,"00","00","00","00","AT","AG","00","CG","CG","00","AC","CC","CC","00","GG","00","00","AT","00","00","GG","AG","AT","00","00","AG","TT","00","AG","CC","00","00","AG","00","CT","GT","00","00","00","00","AT","AC","00","TRUE_20","alpha"
"DEMO_041","a","P3","2024-06-03",55.55901,-133.15681,"CC","CC","GT","CT","TT","AG","AT","CG","CG","GG","AA","AC","AC","GG","GT","GT","AC","TT","AA","CC","AG","AG","TT","CT","CC","GG","GG","GT","AA","AC","TT","AG","GG","GG","CT","TT","AT","AC","GG","GG","00","CC","XX","TRUE_22","alpha"
"DEMO_041","b","P3","2024-06-03",55.55901,-133.15681,"CC","CC","GT","CT","TT","AG","AT","CG","00","GG","AA","AC","AC","GG","GT","GT","AC","TT","AA","CC","AG","AG","TT","CT","CC","GG","GG","GT","AA","AC","TT","AG","GG","GG","CT","TT","AT","AC","GG","GG","AT","CC","XX","TRUE_22","alpha"
"DEMO_041","c","P3","2024-06-03",55.55901,-133.15681,"CC","CC","GT","CT","TT","AG","AT","CG","CG","GG","AA","AC","AC","GG","GT","GT","AC","TT","AA","CC","AG","AG","TT","CT","CC","GG","GG","GT","AA","AC","TT","AG","GG","GG","CT","TT","AT","AC","00","GG","AT","CC","XX","TRUE_22","alpha"
"DEMO_041","consensus","P3","2024-06-03",55.55901,-133.15681,"CC","CC","GT","CT","TT","AG","AT","CG","CG","GG","AA","AC","AC","GG","GT","GT","AC","TT","AA","CC","AG","AG","TT","CT","CC","GG","GG","GT","AA","AC","TT","AG","GG","GG","CT","TT","AT","AC","00","GG","AT","CC","XX","TRUE_22","alpha"
"DEMO_013","a","P2","2025-07-13",55.69223,-132.88744,"CC","CC","GT","00","AT","AG","AA","CG","CC","00","AA","CC","AC","AG","GT","TT","AC","AT","AA","CT","AA","AA","TT","00","TT","AG","TT","TT","AA","CC","CC","AG","GG","GG","CT","GT","TT","AC","GG","AG","TT","CC","XX","TRUE_13","alpha"
"DEMO_013","b","P2","2025-07-13",55.69223,-132.88744,"CC","CC","GT","TT","AT","AG","AA","CG","CC","CC","AA","CC","AC","AG","GT","TT","AC","AT","AA","CT","AA","AA","TT","TT","TT","AG","TT","TT","AA","CC","CC","AG","GG","GG","CT","GT","TT","AC","GG","AG","TT","CC","XX","TRUE_13","alpha"
"DEMO_013","c","P2","2025-07-13",55.69223,-132.88744,"CC","CC","GT","TT","AT","AG","AA","CG","CC","CC","AA","CC","AC","AG","GT","TT","AC","AT","AA","CT","AA","AA","TT","00","TT","AG","TT","TT","AA","CC","CC","AG","GG","GG","CT","GT","TT","AC","GG","AG","TT","CC","XX","TRUE_13","alpha"
"DEMO_013","consensus","P2","2025-07-13",55.69223,-132.88744,"CC","CC","GT","00","AT","AG","AA","CG","CC","00","AA","CC","AC","AG","GT","TT","AC","AT","AA","CT","AA","AA","TT","00","TT","AG","TT","TT","AA","CC","CC","AG","GG","GG","CT","GT","TT","AC","GG","AG","TT","CC","XX","TRUE_13","alpha"
"DEMO_001","a","P2","2025-08-10",55.60625,-133.12506,"CC","CC","TT","TT","00","AA","TT","GG","GG","CG","CC","AA","CC","GG","GG","GT","CC","AA","AA","CT","AA","AG","TT","CT","CT","GG","GT","GG","AA","CC","TT","AA","AG","CC","CT","TT","TT","AA","GG","AG","TT","CC","XX","TRUE_01","alpha"
"DEMO_001","b","P2","2025-08-10",55.60625,-133.12506,"CC","CC","TT","TT","AT","AA","TT","GG","GG","CG","CC","AA","CC","GG","GG","GT","CC","AA","AA","CT","AA","AG","TT","CT","00","GG","GT","GG","AA","CC","TT","AA","AG","CC","CT","TT","TT","AA","GG","AG","TT","CC","XX","TRUE_01","alpha"
"DEMO_001","c","P2","2025-08-10",55.60625,-133.12506,"CC","CC","TT","TT","AT","AA","TT","GG","GG","CG","CC","AA","CC","GG","GG","GT","CC","AA","AA","CT","AA","AG","TT","CT","CT","GG","GT","GG","00","CC","TT","AA","AG","CC","CT","TT","TT","AA","GG","AG","TT","CC","XX","TRUE_01","alpha"
"DEMO_001","consensus","P2","2025-08-10",55.60625,-133.12506,"CC","CC","TT","TT","AT","AA","TT","GG","GG","CG","CC","AA","CC","GG","GG","GT","CC","AA","AA","CT","AA","AG","TT","CT","CT","GG","GT","GG","00","CC","TT","AA","AG","CC","CT","TT","TT","AA","GG","AG","TT","CC","XX","TRUE_01","alpha"
"DEMO_021","a","P1","2025-08-15",55.69286,-132.63464,"CC","CC","GT","TT","TT","AG","AT","CG","CC","GG","CC","AC","CC","GG","TT","GG","CC","TT","AG","TT","00","AG","AT","CT","TT","AG","TT","GG","AA","CC","TT","AG","GG","CG","CC","TT","AA","AC","AG","GG","AA","CC","XY","TRUE_18","alpha"
"DEMO_021","b","P1","2025-08-15",55.69286,-132.63464,"CC","CC","GT","TT","TT","AG","AT","CG","CC","GG","CC","AC","CC","GG","TT","GG","CC","TT","AG","TT","GG","AG","AT","CT","TT","AG","TT","GG","AA","CC","TT","AG","00","CG","CC","TT","AA","AC","AG","GG","AA","CC","XY","TRUE_18","alpha"
"DEMO_021","c","P1","2025-08-15",55.69286,-132.63464,"CC","CC","GT","TT","TT","AG","AT","CG","CC","GG","CC","AC","CC","GG","TT","GG","CC","TT","AG","TT","GG","AG","AT","CT","TT","AG","TT","GG","AA","CC","TT","AG","GG","00","CC","TT","AA","AC","AG","GG","AA","CC","XY","TRUE_18","alpha"
"DEMO_021","consensus","P1","2025-08-15",55.69286,-132.63464,"CC","CC","GT","TT","TT","AG","AT","CG","CC","GG","CC","AC","CC","GG","TT","GG","CC","TT","AG","TT","00","AG","AT","CT","TT","AG","TT","GG","AA","CC","TT","AG","00","CG","CC","TT","AA","AC","AG","GG","AA","CC","XY","TRUE_18","alpha"
"DEMO_029","a","P3","2025-09-13",55.60153,-133.0752,"CC","CC","GT","TT","AT","00","TT","CG","00","00","00","CC","CC","00","00","TT","AC","00","GG","CC","GG","AG","AT","TT","TT","00","00","GG","AG","00","00","AA","AG","GG","CT","00","00","AA","GG","GG","AT","AC","XX","TRUE_20","alpha"
"DEMO_029","b","P3","2025-09-13",55.60153,-133.0752,"00","00","00","TT","00","AG","TT","CG","CG","CC","AC","CC","CC","AG","GG","TT","00","AT","00","CC","GG","AG","00","TT","00","AG","TT","GG","AG","CC","TT","AA","00","GG","CT","00","00","00","00","00","AT","AC","XX","TRUE_20","alpha"
"DEMO_029","c","P3","2025-09-13",55.60153,-133.0752,"CC","00","GT","TT","AT","00","TT","CG","CG","CC","00","00","00","AG","00","TT","00","AT","GG","CC","GG","AG","AT","TT","00","AG","TT","GG","AG","CC","TT","AA","AG","00","CT","GT","00","AA","GG","00","AT","AC","XX","TRUE_20","alpha"
"DEMO_029","consensus","P3","2025-09-13",55.60153,-133.0752,"00","00","GT","TT","AT","00","TT","CG","CG","00","00","00","00","AG","00","TT","00","AT","00","CC","GG","AG","AT","TT","00","AG","00","GG","AG","00","00","AA","AG","00","CT","00","00","00","00","00","AT","AC","XX","TRUE_20","alpha"
"DEMO_052","a","P2","2024-09-16",55.53508,-132.96535,"TT","TT","GG","CT","TT","GG","AA","GG","CG","CG","AC","CC","CC","GG","TT","GT","AA","TT","GG","CT","GG","AG","TT","CT","CT","AG","GG","GG","AG","CC","CT","GG","AG","CG","CT","GT","AT","AC","AA","AG","AA","CC","XY","TRUE_27","beta"
"DEMO_052","b","P2","2024-09-16",55.53508,-132.96535,"TT","TT","GG","CT","TT","GG","AA","GG","CG","CG","AC","CC","CC","GG","TT","GT","AA","TT","GG","CT","GG","AG","TT","CT","CT","AG","GG","GG","AG","CC","CT","GG","AG","CG","CT","GT","AT","AC","AA","AG","AA","CC","XY","TRUE_27","beta"
"DEMO_052","c","P2","2024-09-16",55.53508,-132.96535,"TT","TT","GG","CT","TT","00","AA","GG","CG","CG","AC","CC","CC","GG","TT","GT","AA","TT","GG","CT","GG","AG","TT","00","CT","AG","GG","GG","AG","CC","CT","GG","AG","CG","CT","GT","AT","AC","AA","AG","AA","CC","XY","TRUE_27","beta"
"DEMO_052","consensus","P2","2024-09-16",55.53508,-132.96535,"TT","TT","GG","CT","TT","00","AA","GG","CG","CG","AC","CC","CC","GG","TT","GT","AA","TT","GG","CT","GG","AG","TT","CT","CT","AG","GG","GG","AG","CC","CT","GG","AG","CG","CT","GT","AT","AC","AA","AG","AA","CC","XY","TRUE_27","beta"
"DEMO_049","a","P2","2025-10-07",55.49287,-132.85431,"TT","00","GG","TT","TT","GG","AA","00","CG","CG","AC","CC","CC","GG","GT","GT","AC","TT","AG","CT","AG","GG","TT","TT","CC","AG","GG","GT","AG","AC","TT","GG","AG","CG","CC","GT","AA","AC","AG","AG","AA","AC","XX","TRUE_25","beta"
"DEMO_049","b","P2","2025-10-07",55.49287,-132.85431,"TT","TT","GG","TT","TT","GG","AA","GG","CG","CG","AC","CC","CC","GG","GT","GT","AC","TT","AG","CT","GG","GG","TT","TT","CC","AG","GG","GT","AG","AC","TT","GG","AG","CG","CC","GT","AA","AC","AG","AG","AA","AC","XX","TRUE_25","beta"
"DEMO_049","c","P2","2025-10-07",55.49287,-132.85431,"TT","TT","GG","TT","TT","GG","AA","GG","00","GG","AC","CC","CC","GG","GT","GT","AC","TT","AG","CT","GG","GG","TT","TT","CC","AG","GG","GT","AG","AC","TT","GG","AG","CG","CC","GT","AA","AC","AG","AG","AA","AC","XX","TRUE_25","beta"
"DEMO_049","consensus","P2","2025-10-07",55.49287,-132.85431,"TT","00","GG","TT","TT","GG","AA","00","CG","CG","AC","CC","CC","GG","GT","GT","AC","TT","AG","CT","00","GG","TT","TT","CC","AG","GG","GT","AG","AC","TT","GG","AG","CG","CC","GT","AA","AC","AG","AG","AA","AC","XX","TRUE_25","beta"
"DEMO_026","a","P3","2025-09-11",55.47709,-132.63194,"CC","CC","TT","TT","TT","AG","AT","CG","GG","CG","00","CC","AC","AG","GG","TT","AC","AT","AA","TT","GG","AA","AA","TT","CT","GG","GG","GG","AG","AC","CT","GG","AG","CG","TT","GT","AT","AA","AG","00","AT","AA","XX","TRUE_19","alpha"
"DEMO_026","b","P3","2025-09-11",55.47709,-132.63194,"CC","CC","TT","TT","00","AG","AT","00","GG","CG","AC","CC","AC","AG","GG","TT","AC","AT","AA","TT","GG","AA","AA","TT","CT","GG","GG","GG","AG","00","CT","GG","AG","CG","TT","GT","AT","AA","AG","GG","00","AA","XX","TRUE_19","alpha"
"DEMO_026","c","P3","2025-09-11",55.47709,-132.63194,"CC","CC","TT","TT","TT","AG","AT","CG","GG","CG","AC","CC","AC","AG","GG","TT","AC","AT","AA","TT","GG","AA","AA","TT","CT","GG","GG","GG","AG","00","CT","GG","AG","CG","TT","GT","AT","AA","AG","GG","AT","AA","XX","TRUE_19","alpha"
"DEMO_026","consensus","P3","2025-09-11",55.47709,-132.63194,"CC","CC","TT","TT","00","AG","AT","CG","GG","CG","AC","CC","AC","AG","GG","TT","AC","AT","AA","TT","GG","AA","AA","TT","CT","GG","GG","GG","AG","00","CT","GG","AG","CG","TT","GT","AT","AA","AG","00","AT","AA","XX","TRUE_19","alpha"
"DEMO_036","a","P1","2024-07-01",55.43834,-133.07876,"00","00","00","00","00","00","00","00","00","GG","AA","00","00","00","TT","GT","AC","00","AG","TT","00","GG","TT","00","00","00","GT","GT","AG","CC","CC","AA","AG","CG","00","00","TT","AA","GG","00","AA","AC","XY","TRUE_21","alpha"
"DEMO_036","b","P1","2024-07-01",55.43834,-133.07876,"00","00","00","00","AA","00","00","GG","00","00","00","AC","CC","00","TT","GT","AC","TT","AG","TT","AG","00","TT","TT","TT","AG","00","00","00","CC","00","AA","00","CG","TT","TT","TT","AA","GG","00","00","AC","XY","TRUE_21","alpha"
"DEMO_036","c","P1","2024-07-01",55.43834,-133.07876,"CC","CC","TT","TT","AA","AG","00","GG","00","GG","AA","AC","00","00","00","GT","00","TT","AG","TT","00","00","TT","00","TT","AG","GT","GT","AG","CC","CC","00","AG","00","TT","TT","00","AA","GG","AG","00","00","00","TRUE_21","alpha"
"DEMO_036","consensus","P1","2024-07-01",55.43834,-133.07876,"00","00","00","00","00","00","00","00","00","00","00","AC","00","00","00","GT","AC","00","AG","TT","00","00","TT","00","00","AG","GT","GT","AG","CC","00","00","AG","CG","00","00","00","AA","GG","00","00","AC","XY","TRUE_21","alpha"
"DEMO_016","a","P2","2024-09-22",55.76145,-133.15673,"CC","CC","GG","TT","AT","GG","TT","CC","CG","GG","AA","CC","00","AG","TT","GT","AA","AA","AA","CT","AG","GG","AT","TT","TT","AA","GG","GT","AG","AA","TT","AG","AA","CG","TT","TT","AT","AC","GG","AG","TT","AC","XY","TRUE_15","alpha"
"DEMO_016","b","P2","2024-09-22",55.76145,-133.15673,"CC","CC","GG","TT","AT","GG","TT","CC","CG","GG","AA","CC","00","GG","TT","GT","AA","AA","AA","CT","AG","GG","AT","TT","TT","AA","GG","GT","AG","AA","TT","AG","AA","CG","TT","TT","AT","AC","GG","AG","AT","AC","XY","TRUE_15","alpha"
"DEMO_016","c","P2","2024-09-22",55.76145,-133.15673,"CC","CC","GG","TT","AT","GG","TT","CC","CG","GG","AA","CC","CC","AG","TT","GT","AA","AA","AA","CT","00","GG","AT","00","TT","AA","GG","GT","AG","AA","TT","AG","AA","CG","TT","TT","AT","AC","GG","AG","AT","AC","XY","TRUE_15","alpha"
"DEMO_016","consensus","P2","2024-09-22",55.76145,-133.15673,"CC","CC","GG","TT","AT","GG","TT","CC","CG","GG","AA","CC","00","AG","TT","GT","AA","AA","AA","CT","AG","GG","AT","00","TT","AA","GG","GT","AG","AA","TT","AG","AA","CG","TT","TT","AT","AC","GG","AG","AT","AC","XY","TRUE_15","alpha"
"DEMO_039","a","P1","2024-08-15",55.58604,-133.20264,"CC","CC","GT","CT","TT","AG","AT","CG","CG","GG","AA","AC","AC","GG","GT","GT","AC","TT","AA","CC","AG","AG","TT","CT","CC","GG","GG","GT","AA","AC","TT","AG","00","GG","CT","TT","AT","AC","GG","GG","AT","CC","XX","TRUE_22","alpha"
"DEMO_039","b","P1","2024-08-15",55.58604,-133.20264,"CC","CC","GT","CT","TT","AG","AT","CG","CG","GG","AA","AC","AC","GG","GT","GT","AC","TT","AA","CC","AG","AG","TT","CT","CC","GG","GG","GT","AA","00","TT","AG","GG","GG","CT","TT","AT","AC","GG","GG","AT","CC","XX","TRUE_22","alpha"
"DEMO_039","c","P1","2024-08-15",55.58604,-133.20264,"CC","CC","GT","CT","TT","AG","AT","00","CG","GG","AA","AC","AC","GG","GT","GT","AC","TT","AA","CC","AG","AG","TT","CT","CC","GG","GG","GT","AA","AC","TT","AG","GG","GG","CT","TT","AT","AC","GG","GG","AA","CC","XX","TRUE_22","alpha"
"DEMO_039","consensus","P1","2024-08-15",55.58604,-133.20264,"CC","CC","GT","CT","TT","AG","AT","CG","CG","GG","AA","AC","AC","GG","GT","GT","AC","TT","AA","CC","AG","AG","TT","CT","CC","GG","GG","GT","AA","AC","TT","AG","00","GG","CT","TT","AT","AC","GG","GG","AT","CC","XX","TRUE_22","alpha"
"DEMO_038","a","P3","2025-08-02",55.54797,-133.15436,"CC","CC","GT","CT","TT","AG","AT","CG","CG","GG","AA","AC","AC","GG","TT","TT","CC","TT","AA","CC","AG","AG","TT","CT","CC","GG","GG","GT","AA","AC","TT","AG","GG","GG","CT","TT","AT","AC","GG","GG","AT","CC","XX","TRUE_22","alpha"
"DEMO_038","b","P3","2025-08-02",55.54797,-133.15436,"CC","CC","GT","CT","TT","AG","AT","CG","CG","GG","AA","AC","AC","GG","GT","GT","AC","TT","AA","CC","AG","AG","TT","CT","CC","GG","GG","GT","AA","AC","TT","AG","GG","GG","CT","TT","AT","AC","GG","GG","AT","CC","XX","TRUE_22","alpha"
"DEMO_038","c","P3","2025-08-02",55.54797,-133.15436,"CC","CC","GT","CT","TT","AG","AT","CG","CG","GG","AA","AC","AC","GG","GT","GT","AC","TT","AA","CC","AG","AG","TT","00","CC","GG","GG","GT","AA","00","TT","AG","GG","GG","00","TT","AT","AC","GG","GG","AT","CC","XX","TRUE_22","alpha"
"DEMO_038","consensus","P3","2025-08-02",55.54797,-133.15436,"CC","CC","GT","CT","TT","AG","AT","CG","CG","GG","AA","AC","AC","GG","GT","GT","AC","TT","AA","CC","AG","AG","TT","CT","CC","GG","GG","GT","AA","AC","TT","AG","GG","GG","CT","TT","AT","AC","GG","GG","AT","CC","XX","TRUE_22","alpha"
"DEMO_046","a","P2","2025-09-29",55.79161,-132.99808,"TT","TT","GG","CT","TT","GG","AT","GG","CG","CG","AC","AC","AC","GG","TT","GT","AA","TT","AG","CC","GG","AG","TT","CC","CT","AG","GG","GT","GG","CC","CT","GG","AA","CG","CC","TT","AA","AC","AA","AG","AA","AA","XX","TRUE_23","beta"
"DEMO_046","b","P2","2025-09-29",55.79161,-132.99808,"TT","TT","GG","CT","TT","GG","AT","GG","CG","CG","AC","AC","AC","GG","TT","GT","AA","TT","AG","CC","GG","AG","TT","CT","CT","AG","GG","GT","GG","CC","CT","GG","AA","CG","CT","00","AA","AC","AA","AG","AA","AC","XX","TRUE_23","beta"
"DEMO_046","c","P2","2025-09-29",55.79161,-132.99808,"TT","TT","GG","CT","TT","GG","AT","GG","CG","CG","AC","AC","AC","GG","TT","GT","AA","00","AG","00","GG","AG","TT","CT","CT","AG","GG","GT","GG","CC","CT","GG","AA","CG","CT","TT","AA","AC","AA","00","AA","AC","XX","TRUE_23","beta"
"DEMO_046","consensus","P2","2025-09-29",55.79161,-132.99808,"TT","TT","GG","CT","TT","GG","AT","GG","CG","CG","AC","AC","AC","GG","TT","GT","AA","00","AG","00","GG","AG","TT","CT","CT","AG","GG","GT","GG","CC","CT","GG","AA","CG","CT","00","AA","AC","AA","AG","AA","AC","XX","TRUE_23","beta"
"DEMO_009","a","P1","2025-09-05",55.6083,-132.62738,"CC","CC","GT","TT","00","AG","AT","CG","CG","CG","CC","AC","CC","AG","GG","GT","00","AT","AA","CC","AA","GG","AT","CT","CT","GG","TT","GT","AA","CC","TT","AG","AG","CC","CC","GT","AT","AC","GG","AA","AT","AA","XY","TRUE_09","alpha"
"DEMO_009","b","P1","2025-09-05",55.6083,-132.62738,"CC","CC","00","TT","TT","AG","AT","CG","CG","CG","CC","AC","AC","AG","GG","GT","AA","AT","AA","CC","AA","AG","AT","CT","CT","GG","TT","00","AA","CC","TT","AG","AG","CC","CC","GT","AT","AC","GG","AA","AT","AA","XY","TRUE_09","alpha"
"DEMO_009","c","P1","2025-09-05",55.6083,-132.62738,"CC","CC","GT","TT","TT","AG","00","CG","CG","CG","CC","AC","AC","AG","GG","GT","AA","AT","AA","CC","AA","AG","00","CT","CT","GG","TT","GT","AA","CC","TT","AG","AG","CC","CC","GT","AT","AC","GG","AA","00","AA","XY","TRUE_09","alpha"
"DEMO_009","consensus","P1","2025-09-05",55.6083,-132.62738,"CC","CC","GT","TT","00","AG","AT","CG","CG","CG","CC","AC","AC","AG","GG","GT","00","AT","AA","CC","AA","AG","AT","CT","CT","GG","TT","GT","AA","CC","TT","AG","AG","CC","CC","GT","AT","AC","GG","AA","AT","AA","XY","TRUE_09","alpha"
"DEMO_032","a","P3","2024-10-05",55.46444,-133.07859,"CC","00","TT","TT","00","AG","00","00","00","GG","AA","00","00","AG","TT","GT","AC","00","AG","TT","AG","GG","TT","00","TT","AG","GT","00","AG","00","CC","00","00","CG","00","TT","TT","00","GG","AG","AA","AC","00","TRUE_21","alpha"
"DEMO_032","b","P3","2024-10-05",55.46444,-133.07859,"00","CC","00","00","AA","AG","TT","00","00","GG","AA","00","CC","00","00","00","00","TT","AG","TT","AG","GG","TT","TT","TT","00","GT","GT","AG","CC","CC","00","AG","00","TT","TT","TT","00","00","AG","AA","00","XY","TRUE_21","alpha"
"DEMO_032","c","P3","2024-10-05",55.46444,-133.07859,"CC","CC","TT","TT","00","00","TT","GG","CG","GG","AA","AC","00","AG","00","GT","AC","TT","AG","TT","AG","00","00","00","TT","AG","GT","GT","AG","CC","00","00","AG","CG","00","TT","TT","AA","GG","AG","00","00","00","TRUE_21","alpha"
"DEMO_032","consensus","P3","2024-10-05",55.46444,-133.07859,"00","00","00","00","00","AG","00","00","00","GG","AA","00","00","AG","00","GT","AC","00","AG","TT","AG","00","00","00","TT","AG","GT","GT","AG","00","00","00","AG","CG","00","TT","TT","00","00","AG","00","00","XY","TRUE_21","alpha"
"DEMO_020","a","P3","2024-09-29",55.55135,-132.7352,"CC","CC","GT","TT","TT","AA","AT","CC","CG","CC","AC","CC","AA","AA","GG","GT","AC","TT","AA","TT","AG","GG","AT","TT","TT","GG","GT","GT","AA","AC","TT","AG","GG","00","TT","GT","TT","AA","AA","GG","AT","AC","XX","TRUE_17","alpha"
"DEMO_020","b","P3","2024-09-29",55.55135,-132.7352,"CC","CC","GT","TT","TT","AA","AT","CC","CG","CC","AC","CC","AA","AA","GG","GT","AC","TT","00","TT","AG","GG","AT","TT","TT","GG","GT","GT","AA","AC","TT","AG","GG","CG","TT","GT","TT","AA","AA","GG","AT","AC","XX","TRUE_17","alpha"
"DEMO_020","c","P3","2024-09-29",55.55135,-132.7352,"CC","CC","GT","TT","TT","AA","AT","00","CG","CC","AC","CC","AA","AA","GG","GT","AC","TT","AA","TT","AG","GG","AT","TT","TT","GG","GT","GT","AA","AC","TT","AG","GG","CG","TT","GT","TT","AA","AA","GG","AT","AC","XX","TRUE_17","alpha"
"DEMO_020","consensus","P3","2024-09-29",55.55135,-132.7352,"CC","CC","GT","TT","TT","AA","AT","00","CG","CC","AC","CC","AA","AA","GG","GT","AC","TT","00","TT","AG","GG","AT","TT","TT","GG","GT","GT","AA","AC","TT","AG","GG","CG","TT","GT","TT","AA","AA","GG","AT","AC","XX","TRUE_17","alpha"
"DEMO_035","a","P3","2024-07-07",55.42912,-133.10784,"CC","CC","TT","TT","AA","AG","TT","GG","CG","GG","AA","AC","CC","AG","TT","GT","AC","TT","AG","TT","AG","GG","TT","00","TT","AG","GT","GT","AG","CC","CC","AA","AG","CG","TT","TT","TT","AA","GG","AG","AA","AC","XY","TRUE_21","alpha"
"DEMO_035","b","P3","2024-07-07",55.42912,-133.10784,"CC","CC","TT","TT","AA","AG","TT","GG","CG","GG","AA","AC","CC","AG","TT","GT","AC","TT","AG","TT","AG","GG","TT","TT","TT","AG","GT","GT","AG","CC","CC","AA","AG","CG","TT","TT","TT","AA","GG","AG","AA","CC","XY","TRUE_21","alpha"
"DEMO_035","c","P3","2024-07-07",55.42912,-133.10784,"CC","CC","TT","00","AA","AG","TT","GG","CG","GG","AA","AC","CC","AG","TT","GT","AC","TT","AG","TT","AG","GG","TT","TT","TT","AG","GT","GT","AG","CC","CC","AA","00","CG","TT","TT","TT","AA","GG","AG","AA","AC","XY","TRUE_21","alpha"
"DEMO_035","consensus","P3","2024-07-07",55.42912,-133.10784,"CC","CC","TT","00","AA","AG","TT","GG","CG","GG","AA","AC","CC","AG","TT","GT","AC","TT","AG","TT","AG","GG","TT","00","TT","AG","GT","GT","AG","CC","CC","AA","AG","CG","TT","TT","TT","AA","GG","AG","AA","AC","XY","TRUE_21","alpha"
"DEMO_027","a","P1","2025-08-23",55.60596,-133.09295,"CC","CC","GT","TT","AT","AG","TT","CG","GG","CC","AC","CC","CC","AG","GG","TT","AC","AT","GG","CC","GG","AG","AT","TT","TT","AG","TT","GG","AG","CC","TT","AA","AG","GG","CT","GT","AA","AA","GG","GG","AT","AC","XX","TRUE_20","alpha"
"DEMO_027","b","P1","2025-08-23",55.60596,-133.09295,"CC","CC","GT","TT","AT","AG","TT","CG","CG","CC","AC","CC","CC","AG","GG","TT","AC","AT","GG","CC","GG","AG","00","TT","TT","AG","TT","GG","AG","CC","TT","AA","AG","GG","CT","GT","AA","AA","GG","GG","AT","AC","XX","TRUE_20","alpha"
"DEMO_027","c","P1","2025-08-23",55.60596,-133.09295,"CC","CC","GT","TT","AT","AG","TT","CG","CG","CC","AC","CC","00","AG","GG","TT","AC","AT","GG","CC","GG","AG","AT","TT","TT","AG","TT","GG","AG","CC","TT","AA","AG","GG","CT","GT","AA","AA","GG","GG","AT","AC","XX","TRUE_20","alpha"
"DEMO_027","consensus","P1","2025-08-23",55.60596,-133.09295,"CC","CC","GT","TT","AT","AG","TT","CG","CG","CC","AC","CC","00","AG","GG","TT","AC","AT","GG","CC","GG","AG","AT","TT","TT","AG","TT","GG","AG","CC","TT","AA","AG","GG","CT","GT","AA","AA","GG","GG","AT","AC","XX","TRUE_20","alpha"
"DEMO_002","a","P3","2024-09-29",55.68117,-132.96731,"CC","CC","GT","TT","AT","GG","TT","CC","CC","GG","AC","AC","CC","AA","GG","TT","AA","TT","AA","CC","AG","AG","TT","CC","TT","GG","GT","TT","AA","AA","TT","AA","AG","GG","CT","TT","AT","AC","GG","AG","AA","AC","XX","TRUE_02","alpha"
"DEMO_002","b","P3","2024-09-29",55.68117,-132.96731,"CC","CC","GT","TT","AT","GG","TT","CC","CC","GG","AC","AC","CC","AA","GG","TT","AA","TT","AA","CC","AG","AG","TT","CC","00","GG","GT","TT","AA","AA","TT","AA","AG","GG","CT","TT","AT","AC","GG","GG","AA","AC","XX","TRUE_02","alpha"
"DEMO_002","c","P3","2024-09-29",55.68117,-132.96731,"CC","CC","GT","TT","AT","GG","TT","CC","CC","GG","00","AC","CC","AA","GG","TT","AA","TT","AA","CC","AG","AG","TT","CC","TT","GG","GT","TT","AA","AA","TT","AA","AG","GG","CT","TT","AT","AC","GG","AG","AA","AC","XX","TRUE_02","alpha"
"DEMO_002","consensus","P3","2024-09-29",55.68117,-132.96731,"CC","CC","GT","TT","AT","GG","TT","CC","CC","GG","AC","AC","CC","AA","GG","TT","AA","TT","AA","CC","AG","AG","TT","CC","00","GG","GT","TT","AA","AA","TT","AA","AG","GG","CT","TT","AT","AC","GG","AG","AA","AC","XX","TRUE_02","alpha"
"DEMO_018","a","P1","2025-08-03",55.61026,-133.1606,"CC","CC","GT","CT","AT","AA","AA","00","00","00","00","00","00","AG","GG","TT","00","AA","AG","00","00","GG","AT","00","CT","GG","GG","TT","00","00","CT","AG","AG","GG","CC","TT","AA","AA","AG","00","AA","00","00","TRUE_16","alpha"
"DEMO_018","b","P1","2025-08-03",55.61026,-133.1606,"CC","CC","GT","CT","00","00","AA","CG","GG","00","AC","CC","CC","AG","00","TT","AC","AA","AG","CC","00","00","AT","CT","CT","00","00","TT","00","AC","CT","00","00","00","CC","TT","AA","00","00","AA","AA","00","00","TRUE_16","alpha"
"DEMO_018","c","P1","2025-08-03",55.61026,-133.1606,"CC","CC","00","00","AT","AA","AA","CG","GG","00","AC","CC","00","00","GG","TT","00","AA","AG","CC","AA","GG","AT","CT","CT","GG","GG","00","AG","00","00","AG","AG","GG","CC","TT","AA","AA","AG","AA","AA","AA","XX","TRUE_16","alpha"
"DEMO_018","consensus","P1","2025-08-03",55.61026,-133.1606,"CC","CC","GT","CT","AT","00","AA","CG","00","00","AC","00","00","AG","00","TT","00","AA","AG","00","00","00","AT","CT","CT","00","00","00","00","00","CT","AG","AG","00","CC","TT","AA","00","AG","00","AA","00","XX","TRUE_16","alpha"
"DEMO_019","a","P2","2024-08-08",55.53627,-132.764,"CC","CC","GT","TT","TT","00","AT","00","00","CC","00","00","00","AA","GG","GT","AC","00","00","TT","00","GG","AT","TT","TT","00","GT","GT","AA","AC","00","AG","GG","CG","00","GT","00","00","AA","00","AT","AC","XX","TRUE_17","alpha"
"DEMO_019","b","P2","2024-08-08",55.53627,-132.764,"CC","CC","GT","TT","00","AA","AT","CC","00","CC","00","CC","00","00","00","00","AC","TT","AA","TT","AG","GG","AT","TT","TT","GG","00","GT","AA","AC","00","AG","00","CG","00","GT","00","AA","00","00","AT","AC","XX","TRUE_17","alpha"
"DEMO_019","c","P2","2024-08-08",55.53627,-132.764,"00","00","GT","TT","00","AA","00","00","CG","00","AC","CC","AA","AA","00","00","00","00","AA","00","AG","GG","AT","TT","TT","GG","GT","GT","AA","AC","00","AG","00","CG","TT","00","TT","AA","AA","GG","AT","AC","XX","TRUE_17","alpha"
"DEMO_019","consensus","P2","2024-08-08",55.53627,-132.764,"00","00","GT","TT","00","00","AT","00","00","00","00","00","00","00","00","00","AC","00","00","00","AG","GG","AT","TT","TT","00","GT","GT","AA","AC","00","AG","00","CG","00","GT","00","00","00","00","AT","AC","XX","TRUE_17","alpha"
"DEMO_053","a","P3","2024-06-20",55.52797,-133.05798,"TT","TT","GT","CT","TT","GG","AA","GG","CG","CG","AC","CC","CC","GG","TT","GT","AA","00","GG","CT","GG","AG","TT","CT","CT","AG","GG","GG","AG","CC","CT","00","AG","CG","CT","GT","AT","AC","AA","AG","AA","CC","XY","TRUE_27","beta"
"DEMO_053","b","P3","2024-06-20",55.52797,-133.05798,"TT","TT","GG","CT","TT","GG","AA","GG","CG","CG","AC","CC","CC","GG","TT","GT","AA","TT","GG","CT","GG","00","TT","CT","CT","AG","GG","00","AG","CC","CT","GG","AG","CG","CT","GT","AT","AC","AA","AG","AA","CC","XY","TRUE_27","beta"
"DEMO_053","c","P3","2024-06-20",55.52797,-133.05798,"TT","00","GG","CT","TT","GG","AA","GG","CG","CG","AC","CC","CC","GG","TT","GT","AA","TT","GG","CT","GG","AG","TT","CT","CT","AG","GG","GG","AG","CC","CT","GG","AG","CG","CT","GT","AT","AC","AA","AG","AA","CC","XY","TRUE_27","beta"
"DEMO_053","consensus","P3","2024-06-20",55.52797,-133.05798,"TT","00","00","CT","TT","GG","AA","GG","CG","CG","AC","CC","CC","GG","TT","GT","AA","00","GG","CT","GG","AG","TT","CT","CT","AG","GG","00","AG","CC","CT","00","AG","CG","CT","GT","AT","AC","AA","AG","AA","CC","XY","TRUE_27","beta"
"DEMO_048","a","P1","2025-10-28",55.43138,-132.84563,"TT","00","GG","TT","TT","GG","AA","GG","CG","CG","AC","CC","CC","GG","GT","GT","AC","TT","AG","CT","GG","GG","TT","TT","CC","AG","GG","GT","00","AC","TT","GG","AG","00","CC","00","AA","AC","AG","00","AA","AC","XX","TRUE_25","beta"
"DEMO_048","b","P1","2025-10-28",55.43138,-132.84563,"TT","TT","GG","TT","TT","GG","00","GG","CG","CG","AC","CC","CC","GG","GT","GG","AC","TT","AG","CT","GG","GG","TT","TT","CC","AG","GG","GT","AG","AC","TT","GG","AG","CG","CC","GT","AA","AC","AG","AG","AA","AC","XX","TRUE_25","beta"
"DEMO_048","c","P1","2025-10-28",55.43138,-132.84563,"TT","TT","GG","TT","TT","GG","AA","GG","CG","CG","AC","CC","CC","GG","GT","GT","AC","TT","AG","CT","GG","GG","TT","TT","CC","AG","GG","GT","AG","AC","TT","GG","AG","CG","CC","GT","AA","AC","AG","AA","AA","AC","XX","TRUE_25","beta"
"DEMO_048","consensus","P1","2025-10-28",55.43138,-132.84563,"TT","00","GG","TT","TT","GG","00","GG","CG","CG","AC","CC","CC","GG","GT","GT","AC","TT","AG","CT","GG","GG","TT","TT","CC","AG","GG","GT","AG","AC","TT","GG","AG","CG","CC","GT","AA","AC","AG","00","AA","AC","XX","TRUE_25","beta"
"DEMO_017","a","P3","2025-07-01",55.57424,-133.12741,"CC","CC","GT","CT","AT","AA","AA","CG","GG","GG","AC","CC","CC","AA","GG","TT","AC","AA","AG","CC","AA","GG","AT","CT","CT","GG","GG","TT","00","AC","CT","AG","AG","GG","CC","TT","AA","AA","AG","AA","AA","00","XX","TRUE_16","alpha"
"DEMO_017","b","P3","2025-07-01",55.57424,-133.12741,"CC","CC","GT","CT","AT","00","AA","CG","GG","GG","AC","CC","CC","AG","GG","TT","AC","AA","AG","CC","AA","GG","AT","CT","CT","GG","GG","TT","AG","00","CT","AG","AG","GG","CC","TT","AA","AA","AG","AA","AA","AA","XX","TRUE_16","alpha"
"DEMO_017","c","P3","2025-07-01",55.57424,-133.12741,"CC","CC","GT","CT","00","AA","AA","CG","GG","GG","AC","CC","CC","AG","GG","TT","AC","AA","AG","CC","AA","GG","AT","CT","CT","GG","GG","TT","AG","AC","CT","AG","AG","GG","CC","TT","AA","AA","AG","AA","AA","AA","XX","TRUE_16","alpha"
"DEMO_017","consensus","P3","2025-07-01",55.57424,-133.12741,"CC","CC","GT","CT","AT","00","AA","CG","GG","GG","AC","CC","CC","AG","GG","TT","AC","AA","AG","CC","AA","GG","AT","CT","CT","GG","GG","TT","AG","AC","CT","AG","AG","GG","CC","TT","AA","AA","AG","AA","AA","00","XX","TRUE_16","alpha"
"DEMO_005","a","P3","2025-06-20",55.62271,-132.68214,"CC","CC","GT","TT","TT","AG","AA","CG","CG","CC","AC","CC","AA","GG","GT","GT","AA","AT","AA","TT","AA","GG","TT","TT","TT","AG","TT","GT","AG","CC","TT","GG","GG","CG","00","GT","AT","AA","AG","GG","AT","AC","XX","TRUE_05","alpha"
"DEMO_005","b","P3","2025-06-20",55.62271,-132.68214,"CC","CC","00","TT","TT","GG","AA","CG","CG","CC","AC","CC","AA","GG","GT","GT","AA","AT","AA","TT","AA","GG","TT","TT","TT","AG","TT","GT","AG","CC","TT","GG","GG","CG","TT","GT","AT","AA","AG","GG","AT","AC","XX","TRUE_05","alpha"
"DEMO_005","c","P3","2025-06-20",55.62271,-132.68214,"CC","CC","GT","TT","TT","AG","AA","CG","CG","CC","00","CC","AA","GG","GT","GT","AA","AT","AA","TT","AA","GG","TT","TT","TT","AG","TT","00","AG","CC","TT","GG","GG","CG","TT","GT","00","AA","AG","GG","AT","AC","XX","TRUE_05","alpha"
"DEMO_005","consensus","P3","2025-06-20",55.62271,-132.68214,"CC","CC","GT","TT","TT","AG","AA","CG","CG","CC","AC","CC","AA","GG","GT","GT","AA","AT","AA","TT","AA","GG","TT","TT","TT","AG","TT","GT","AG","CC","TT","GG","GG","CG","00","GT","AT","AA","AG","GG","AT","AC","XX","TRUE_05","alpha"
"DEMO_042","a","P1","2025-06-19",55.53934,-133.15273,"CC","CC","GT","CT","TT","AG","AT","CG","CG","GG","AA","AC","AC","GG","GT","GT","AC","TT","AA","CC","AG","AG","TT","CT","CC","GG","GG","GT","AA","AC","TT","AG","GG","GG","CT","TT","AT","AC","GG","GG","AT","CC","XX","TRUE_22","alpha"
"DEMO_042","b","P1","2025-06-19",55.53934,-133.15273,"CC","CC","TT","CT","TT","AG","AT","CG","CG","GG","AA","AC","AC","GG","GT","GT","AC","TT","AA","CC","AG","AG","TT","CT","CC","GG","GG","GT","AA","AC","TT","00","GG","GG","CT","TT","AT","AC","GG","GG","AT","CC","XX","TRUE_22","alpha"
"DEMO_042","c","P1","2025-06-19",55.53934,-133.15273,"CC","CC","GT","CT","TT","AG","AT","CG","CG","GG","AA","AC","AC","GG","GT","GT","AC","TT","AA","CC","00","AG","TT","CT","CC","GG","GG","GT","AA","AC","TT","AG","GG","GG","CT","TT","AT","AC","GG","GG","AT","CC","XX","TRUE_22","alpha"
"DEMO_042","consensus","P1","2025-06-19",55.53934,-133.15273,"CC","CC","GT","CT","TT","AG","AT","CG","CG","GG","AA","AC","AC","GG","GT","GT","AC","TT","AA","CC","AG","AG","TT","CT","CC","GG","GG","GT","AA","AC","TT","AG","GG","GG","CT","TT","AT","AC","GG","GG","AT","CC","XX","TRUE_22","alpha"
"DEMO_031","a","P2","2024-08-07",55.47683,-133.02858,"CC","CC","TT","TT","AA","AG","TT","GG","CG","GG","AA","AC","CC","AG","TT","GT","AC","TT","AG","TT","00","GG","TT","TT","TT","AG","GT","GT","AG","CC","CC","AA","AG","CG","TT","TT","TT","AA","GG","AG","AA","AC","XY","TRUE_21","alpha"
"DEMO_031","b","P2","2024-08-07",55.47683,-133.02858,"CC","CC","TT","TT","AA","AG","TT","GG","CG","GG","AA","AC","CC","AG","TT","GT","AC","TT","AG","TT","AG","GG","TT","TT","TT","AG","GT","GT","AG","CC","CC","AA","AG","CG","TT","TT","TT","AA","GG","AG","00","AC","XY","TRUE_21","alpha"
"DEMO_031","c","P2","2024-08-07",55.47683,-133.02858,"CC","CC","TT","TT","AA","AG","TT","GG","CG","GG","AA","AC","CC","AG","TT","GT","AC","TT","AG","00","AG","GG","TT","TT","TT","AG","GT","GT","AG","CC","CC","AA","GG","CG","TT","TT","TT","AA","GG","AG","AA","AC","00","TRUE_21","alpha"
"DEMO_031","consensus","P2","2024-08-07",55.47683,-133.02858,"CC","CC","TT","TT","AA","AG","TT","GG","CG","GG","AA","AC","CC","AG","TT","GT","AC","TT","AG","00","AG","GG","TT","TT","TT","AG","GT","GT","AG","CC","CC","AA","AG","CG","TT","TT","TT","AA","GG","AG","00","AC","XY","TRUE_21","alpha"
"DEMO_047","a","P3","2025-06-30",55.64681,-133.03543,"TT","TT","GT","TT","TT","GG","AA","GG","CC","CC","AA","CC","AC","GG","GT","GT","AC","AT","GG","TT","AG","AG","TT","TT","CT","AA","GG","GG","AA","AC","TT","GG","GG","CC","CT","GT","AT","AC","AG","GG","AA","AC","XY","TRUE_24","beta"
"DEMO_047","b","P3","2025-06-30",55.64681,-133.03543,"TT","TT","GT","TT","TT","GG","AA","GG","CC","CC","AA","CC","AC","GG","GT","GT","AC","AT","GG","TT","AG","AG","TT","TT","CT","AA","GG","GG","AA","AC","TT","00","GG","CC","CT","GT","00","AC","AG","GG","AA","AC","XY","TRUE_24","beta"
"DEMO_047","c","P3","2025-06-30",55.64681,-133.03543,"TT","TT","GT","TT","TT","GG","AA","GG","CC","CC","AA","CC","AC","GG","GT","GT","00","AT","GG","TT","AG","AG","TT","TT","CT","AA","GG","GG","AA","AC","TT","GG","GG","CC","CT","GT","AT","AC","AG","GG","AA","AC","XY","TRUE_24","beta"
"DEMO_047","consensus","P3","2025-06-30",55.64681,-133.03543,"TT","TT","GT","TT","TT","GG","AA","GG","CC","CC","AA","CC","AC","GG","GT","GT","AC","AT","GG","TT","AG","AG","TT","TT","CT","AA","GG","GG","AA","AC","TT","00","GG","CC","CT","GT","AT","AC","AG","GG","AA","AC","XY","TRUE_24","beta"
"DEMO_004","a","P2","2024-06-10",55.73745,-132.92952,"CC","CC","GT","TT","AA","AG","TT","GG","CG","CC","AC","AC","AC","GG","GG","GT","AC","AT","AA","TT","AG","AG","AT","CC","TT","GG","TT","GT","AA","AC","CT","AG","AA","CG","TT","TT","AA","AA","GG","GG","AT","AC","XX","TRUE_04","alpha"
"DEMO_004","b","P2","2024-06-10",55.73745,-132.92952,"CC","CC","GT","TT","AA","AG","TT","GG","00","CC","AC","AC","AC","GG","GG","GT","00","AT","AA","TT","AG","AG","AT","CC","TT","GG","TT","GT","AA","CC","CT","AG","AA","CG","TT","TT","AA","AA","GG","GG","AT","AC","00","TRUE_04","alpha"
"DEMO_004","c","P2","2024-06-10",55.73745,-132.92952,"CC","CC","GT","TT","AA","AG","TT","GG","CG","CC","AC","AC","AC","GG","GG","GT","AC","AT","AA","TT","AG","AG","AT","CC","TT","GG","TT","GT","AA","CC","CT","AG","AA","CG","TT","00","AA","AA","GG","GG","AT","00","XX","TRUE_04","alpha"
"DEMO_004","consensus","P2","2024-06-10",55.73745,-132.92952,"CC","CC","GT","TT","AA","AG","TT","GG","CG","CC","AC","AC","AC","GG","GG","GT","AC","AT","AA","TT","AG","AG","AT","CC","TT","GG","TT","GT","AA","00","CT","AG","AA","CG","TT","00","AA","AA","GG","GG","AT","AC","XX","TRUE_04","alpha"
"DEMO_015","a","P1","2024-09-21",55.76832,-133.12339,"CC","CC","GG","TT","AT","GG","TT","CC","CG","GG","AA","CC","AC","AG","TT","GT","AA","AA","AA","CT","AG","GG","AT","TT","TT","AA","GG","GT","AG","AA","TT","AG","AA","CG","TT","TT","AT","AC","GG","AG","AT","AC","XY","TRUE_15","alpha"
"DEMO_015","b","P1","2024-09-21",55.76832,-133.12339,"CC","CC","GG","TT","00","GG","TT","CC","CG","GG","AA","CC","AC","AG","TT","GT","AA","AA","AA","CT","AG","GG","AT","TT","TT","AA","GG","GT","AG","AA","TT","AG","AA","CG","TT","TT","AT","AC","GG","AG","AT","AC","XY","TRUE_15","alpha"
"DEMO_015","c","P1","2024-09-21",55.76832,-133.12339,"CC","CC","GG","TT","AT","GG","TT","CC","CG","GG","AA","CC","AC","AG","TT","GT","AA","AA","AA","CT","AG","GG","AT","TT","TT","AA","GG","GT","AG","AA","TT","AG","AA","CG","TT","TT","AT","AC","GG","00","AT","AC","XY","TRUE_15","alpha"
"DEMO_015","consensus","P1","2024-09-21",55.76832,-133.12339,"CC","CC","GG","TT","AT","GG","TT","CC","CG","GG","AA","CC","AC","AG","TT","GT","AA","AA","AA","CT","AG","GG","AT","TT","TT","AA","GG","GT","AG","AA","TT","AG","AA","CG","TT","TT","AT","AC","GG","AG","AT","AC","XY","TRUE_15","alpha"
"DEMO_043","a","P2","2024-08-29",55.55827,-133.1294,"CC","CC","GT","00","00","00","AT","00","CG","GG","AA","AC","00","GG","GT","00","00","TT","00","CC","00","AG","TT","00","00","GG","GG","GT","00","AC","TT","00","00","00","CT","TT","00","AC","GG","GG","AT","00","00","TRUE_22","alpha"
"DEMO_043","b","P2","2024-08-29",55.55827,-133.1294,"CC","00","GT","CT","TT","AG","AT","00","CG","GG","00","AC","00","GG","GT","GT","AC","TT","AA","CC","00","AG","TT","00","CC","GG","GG","GT","00","AC","TT","AG","GG","00","00","00","00","AC","GG","00","AT","CC","XX","TRUE_22","alpha"
"DEMO_043","c","P2","2024-08-29",55.55827,-133.1294,"CC","CC","GT","CT","TT","AG","AT","00","CG","GG","AA","00","00","GG","00","GT","AC","TT","AA","CC","AG","AG","TT","00","00","GG","GG","GT","AA","AC","00","AG","GG","GG","CT","00","AT","AC","00","00","AT","00","XX","TRUE_22","alpha"
"DEMO_043","consensus","P2","2024-08-29",55.55827,-133.1294,"CC","00","GT","CT","00","AG","AT","00","CG","GG","00","AC","00","GG","GT","GT","AC","TT","00","CC","00","AG","TT","00","00","GG","GG","GT","00","AC","00","AG","00","00","CT","00","00","AC","00","00","AT","00","XX","TRUE_22","alpha"
"DEMO_003","a","P1","2024-07-15",55.62925,-133.04293,"CC","00","GT","CT","AA","AG","AA","CG","CC","CG","AC","CC","AC","AA","GT","TT","CC","TT","AA","TT","00","AG","AT","CT","CC","GG","GT","GG","AG","AC","CT","AG","GG","GG","TT","TT","AT","CC","AA","AG","AA","AC","00","TRUE_03","alpha"
"DEMO_003","b","P1","2024-07-15",55.62925,-133.04293,"CC","CC","GT","CT","AT","AG","AT","CG","CC","CG","AC","CC","AC","AA","GT","TT","CC","TT","AA","TT","AA","AG","AT","00","CC","GG","GT","GG","AG","AC","CT","AG","GG","GG","TT","TT","AT","CC","AA","AG","AA","00","XY","TRUE_03","alpha"
"DEMO_003","c","P1","2024-07-15",55.62925,-133.04293,"CC","CC","GT","CT","AT","AG","AT","CG","CC","00","AC","CC","AC","AA","GT","TT","CC","TT","AA","TT","AA","AG","AT","CT","CC","GG","GT","GG","AG","AC","CT","AG","GG","GG","TT","TT","AT","CC","AA","AG","AA","AC","XY","TRUE_03","alpha"
"DEMO_003","consensus","P1","2024-07-15",55.62925,-133.04293,"CC","00","GT","CT","AT","AG","AT","CG","CC","CG","AC","CC","AC","AA","GT","TT","CC","TT","AA","TT","00","AG","AT","CT","CC","GG","GT","GG","AG","AC","CT","AG","GG","GG","TT","TT","AT","CC","AA","AG","AA","AC","XY","TRUE_03","alpha"
"DEMO_011","a","P3","2024-10-02",55.59822,-132.67881,"CC","CC","GG","TT","AT","AG","AT","CG","CC","CG","AA","CC","CC","AG","GG","GT","AA","TT","AG","CT","GG","GG","AT","TT","TT","GG","TT","GG","AA","AA","TT","AG","GG","CG","CT","GT","AA","AC","AG","AG","AA","AC","XX","TRUE_11","alpha"
"DEMO_011","b","P3","2024-10-02",55.59822,-132.67881,"CC","CC","GG","TT","AT","AG","AT","CG","CC","CG","AA","CC","CC","AG","GG","GT","AA","TT","AG","CT","GG","GG","AT","TT","TT","00","TT","GG","AA","AA","TT","AG","GG","CG","CT","GT","AA","AC","AG","AG","AA","AC","XX","TRUE_11","alpha"
"DEMO_011","c","P3","2024-10-02",55.59822,-132.67881,"CC","00","GG","TT","AT","AG","AT","CG","CC","CG","AA","CC","CC","AG","GG","GT","AA","TT","AG","CT","GG","GG","TT","TT","TT","GG","TT","GG","AA","AA","TT","AG","GG","CG","CT","GT","AA","AC","AG","GG","AA","AC","XX","TRUE_11","alpha"
"DEMO_011","consensus","P3","2024-10-02",55.59822,-132.67881,"CC","00","GG","TT","AT","AG","AT","CG","CC","CG","AA","CC","CC","AG","GG","GT","AA","TT","AG","CT","GG","GG","AT","TT","TT","00","TT","GG","AA","AA","TT","AG","GG","CG","CT","GT","AA","AC","AG","AG","AA","AC","XX","TRUE_11","alpha"
